supergroup,subgroup,Pxx,Pxy,Pxz,Pyx,Pyy,Pyz,Pzx,Pzy,Pzz,px,py,pz
2,1,1,0,0,0,1,0,0,0,1,0,0,0
3,1,1,0,0,0,1,0,0,0,1,0,0,0
4,1,1,0,0,0,1,0,0,0,1,0,0,0
5,1,1/2,1/2,0,-1/2,1/2,0,0,0,1,0,0,0
6,1,1,0,0,0,1,0,0,0,1,0,0,0
7,1,1,0,0,0,1,0,0,0,1,0,0,0
8,1,1/2,1/2,0,-1/2,1/2,0,0,0,1,0,0,0
9,1,1/2,1/2,0,-1/2,1/2,0,0,0,1,0,0,0
10,2,1,0,0,0,1,0,0,0,1,0,0,0
10,3,1,0,0,0,1,0,0,0,1,0,0,0
10,6,1,0,0,0,1,0,0,0,1,0,0,0
11,2,1,0,0,0,1,0,0,0,1,0,0,0
11,4,1,0,0,0,1,0,0,0,1,0,0,0
11,6,1,0,0,0,1,0,0,0,1,0,1/4,0
12,2,1/2,1/2,0,-1/2,1/2,0,0,0,1,0,0,0
12,5,1,0,0,0,1,0,0,0,1,0,0,0
12,8,1,0,0,0,1,0,0,0,1,0,0,0
13,2,1,0,0,0,1,0,0,0,1,0,0,0
13,3,1,0,0,0,1,0,0,0,1,0,0,1/4
13,7,1,0,0,0,1,0,0,0,1,0,0,0
14,2,1,0,0,0,1,0,0,0,1,0,0,0
14,4,1,0,0,0,1,0,0,0,1,0,0,1/4
14,7,1,0,0,0,1,0,0,0,1,0,1/4,0
15,2,1/2,1/2,0,-1/2,1/2,0,0,0,1,0,0,0
15,5,1,0,0,0,1,0,0,0,1,0,0,1/4
15,9,1,0,0,0,1,0,0,0,1,0,0,0
16,3,0,1,0,0,0,1,1,0,0,0,0,0
17,3,0,1,0,0,0,1,1,0,0,0,0,0
17,4,0,0,1,1,0,0,0,1,0,0,0,0
18,3,0,0,1,1,0,0,0,1,0,0,0,0
18,4,0,1,0,0,0,1,1,0,0,0,1/4,0
19,4,0,1,0,0,0,1,1,0,0,0,1/4,0
20,4,1/2,0,1/2,1/2,0,-1/2,0,1,0,0,0,0
20,5,0,1,0,-1,0,0,0,0,1,0,0,0
21,3,1/2,0,1/2,1/2,0,-1/2,0,1,0,0,0,0
21,5,0,1,0,-1,0,0,0,0,1,0,0,0
22,5,0,1,0,0,0,1/2,1,0,-1/2,0,0,0
23,5,0,1,0,-1,0,0,-1,0,1,0,0,0
24,5,0,1,0,-1,0,0,-1,0,1,0,0,1/4
25,3,0,0,1,1,0,0,0,1,0,0,0,0
25,6,0,1,0,0,0,1,1,0,0,0,0,0
26,4,0,0,1,1,0,0,0,1,0,0,0,0
26,6,0,1,0,0,0,1,1,0,0,0,0,0
26,7,1,0,0,0,1,0,0,0,1,0,0,0
27,3,0,0,1,1,0,0,0,1,0,0,0,0
27,7,0,1,0,-1,0,0,0,0,1,0,0,0
28,3,0,0,1,1,0,0,0,1,0,0,0,0
28,6,0,1,0,0,0,1,1,0,0,1/4,0,0
28,7,-1,0,1,0,1,0,-1,0,0,0,0,0
29,4,0,0,1,1,0,0,0,1,0,0,0,0
29,7,0,1,0,-1,0,0,0,0,1,1/4,0,0
30,3,0,0,1,1,0,0,0,1,0,0,0,0
30,7,0,1,0,1,0,-1,0,0,-1,0,0,0
31,4,0,0,1,1,0,0,0,1,0,1/4,0,0
31,6,0,1,0,0,0,1,1,0,0,0,0,0
31,7,0,0,-1,0,1,0,1,0,-1,0,0,0
32,3,0,0,1,1,0,0,0,1,0,0,0,0
32,7,0,1,0,0,0,1,1,0,0,1/4,0,0
33,4,0,0,1,1,0,0,0,1,0,0,0,0
33,7,0,1,0,1,0,-1,0,0,-1,1/4,0,0
34,3,0,0,1,1,0,0,0,1,0,0,0,0
34,7,0,1,0,1,0,-1,0,0,-1,1/4,0,0
35,3,1/2,0,1/2,1/2,0,-1/2,0,1,0,0,0,0
35,8,0,1,0,-1,0,0,0,0,1,0,0,0
36,4,1/2,0,1/2,1/2,0,-1/2,0,1,0,0,0,0
36,8,0,1,0,-1,0,0,0,0,1,0,0,0
36,9,1,0,0,0,1,0,0,0,1,0,0,0
37,3,1/2,0,1/2,1/2,0,-1/2,0,1,0,0,0,0
37,9,0,1,0,-1,0,0,0,0,1,0,0,0
38,5,0,0,1,1,0,0,0,1,0,0,0,0
38,6,0,1,0,1/2,0,1/2,1/2,0,-1/2,0,0,0
38,8,0,0,-1,0,1,0,1,0,-1,0,0,0
39,5,0,0,1,1,0,0,0,1,0,0,0,0
39,7,0,1,0,-1/2,0,1,1/2,0,0,0,0,0
39,8,0,0,-1,0,1,0,1,0,-1,0,1/4,0
40,5,0,0,1,1,0,0,0,1,0,0,0,0
40,6,0,1,0,1/2,0,1/2,1/2,0,-1/2,1/4,0,0
40,9,0,0,-1,0,1,0,1,0,0,0,0,0
41,5,0,0,1,1,0,0,0,1,0,0,0,0
41,7,0,1,0,-1/2,0,1,1/2,0,0,1/4,0,0
41,9,0,0,-1,0,1,0,1,0,0,0,1/4,0
42,5,0,0,1/2,1,0,-1/2,0,1,0,0,0,0
42,8,0,1,0,0,0,1/2,1,0,-1/2,0,0,0
43,5,0,0,1/2,1,0,-1/2,0,1,0,0,0,0
43,9,0,1,0,-1,0,1/2,0,0,1/2,1/8,0,0
44,5,-1,0,0,-1,0,1,0,1,0,0,0,0
44,8,0,1,0,-1,0,0,-1,0,1,0,0,0
45,5,-1,0,0,-1,0,1,0,1,0,0,0,0
45,9,0,1,0,-1,0,0,-1,0,1,0,0,0
46,5,-1,0,0,-1,0,1,0,1,0,0,0,0
46,8,0,1,0,-1,0,0,-1,0,1,1/4,0,0
46,9,-1,0,1,0,1,0,-1,0,0,0,0,0
47,10,0,1,0,0,0,1,1,0,0,0,0,0
47,16,1,0,0,0,1,0,0,0,1,0,0,0
47,25,0,0,1,1,0,0,0,1,0,0,0,0
48,13,0,1,0,-1,0,1,0,0,1,0,0,0
48,16,1,0,0,0,1,0,0,0,1,1/4,1/4,1/4
48,34,0,0,1,1,0,0,0,1,0,1/4,1/4,1/4
49,10,0,0,1,1,0,0,0,1,0,0,0,0
49,13,0,1,0,-1,0,0,0,0,1,0,0,0
49,16,1,0,0,0,1,0,0,0,1,0,0,1/4
49,27,1,0,0,0,1,0,0,0,1,0,0,0
49,28,0,0,-1,0,1,0,1,0,0,0,0,1/4
50,13,0,1,0,0,0,1,1,0,0,0,0,0
50,16,1,0,0,0,1,0,0,0,1,1/4,1/4,0
50,30,0,0,-1,0,1,0,1,0,0,1/4,1/4,0
50,32,1,0,0,0,1,0,0,0,1,1/4,1/4,0
51,10,1,0,0,0,1,0,0,0,1,0,0,0
51,11,0,1,0,0,0,1,1,0,0,0,0,0
51,13,0,0,1,1,0,0,0,1,0,0,0,0
51,17,0,0,1,1,0,0,0,1,0,0,0,0
51,25,1,0,0,0,1,0,0,0,1,1/4,0,0
51,26,0,0,1,1,0,0,0,1,0,0,0,0
51,28,1,0,0,0,0,1,0,-1,0,0,0,0
52,13,0,1,0,-1,0,1,0,0,1,0,0,0
52,14,0,0,-1,0,1,0,1,0,-1,0,0,0
52,17,0,1,0,0,0,1,1,0,0,1/4,0,1/4
52,30,0,0,1,1,0,0,0,1,0,0,1/4,1/4
52,33,1,0,0,0,0,1,0,-1,0,1/4,0,1/4
52,34,1,0,0,0,1,0,0,0,1,1/4,0,0
53,10,0,1,0,0,0,1,1,0,0,0,0,0
53,13,0,0,-1,0,1,0,1,0,-1,0,0,0
53,14,0,0,1,1,0,0,0,1,0,0,0,0
53,17,1,0,0,0,1,0,0,0,1,1/4,0,0
53,28,1,0,0,0,0,1,0,-1,0,1/4,0,1/4
53,30,0,0,1,1,0,0,0,1,0,0,0,0
53,31,1,0,0,0,1,0,0,0,1,0,0,0
54,13,1,0,0,0,1,0,0,0,1,0,0,0
54,14,0,1,0,-1,0,0,0,0,1,0,0,0
54,17,0,0,1,1,0,0,0,1,0,0,0,1/4
54,27,1,0,0,0,1,0,0,0,1,1/4,0,0
54,29,0,0,-1,0,1,0,1,0,0,0,0,1/4
54,32,1,0,0,0,0,1,0,-1,0,0,0,1/4
55,10,0,0,1,1,0,0,0,1,0,0,0,0
55,14,0,1,0,0,0,1,1,0,0,0,0,0
55,18,1,0,0,0,1,0,0,0,1,0,0,0
55,26,0,0,-1,0,1,0,1,0,0,0,1/4,0
55,32,1,0,0,0,1,0,0,0,1,0,0,0
56,13,1,0,-1,0,0,-1,0,1,0,0,0,0
56,14,0,1,0,-1,0,0,0,0,1,0,0,0
56,18,1,0,0,0,1,0,0,0,1,1/4,1/4,1/4
56,27,1,0,0,0,1,0,0,0,1,1/4,1/4,0
56,33,0,0,-1,0,1,0,1,0,0,0,0,1/4
57,11,0,0,1,1,0,0,0,1,0,0,0,0
57,13,0,1,0,0,0,1,1,0,0,0,0,0
57,14,1,0,0,0,1,0,0,0,1,0,0,0
57,18,0,0,1,1,0,0,0,1,0,0,1/4,0
57,26,0,1,0,0,0,1,1,0,0,0,0,1/4
57,28,0,0,-1,0,1,0,1,0,0,0,1/4,0
57,29,0,1,0,-1,0,0,0,0,1,0,0,0
58,10,0,0,1,1,0,0,0,1,0,0,0,0
58,14,0,1,0,-1,0,1,0,0,1,0,0,0
58,18,1,0,0,0,1,0,0,0,1,0,0,1/4
58,31,0,0,1,0,1,0,-1,0,0,0,1/4,0
58,34,1,0,0,0,1,0,0,0,1,0,0,0
59,11,0,1,0,0,0,1,1,0,0,0,0,0
59,13,1,0,-1,0,0,-1,0,1,0,0,0,0
59,18,1,0,0,0,1,0,0,0,1,1/4,1/4,0
59,25,1,0,0,0,1,0,0,0,1,1/4,1/4,0
59,31,0,0,1,1,0,0,0,1,0,1/4,1/4,0
60,13,1,0,0,0,1,0,0,0,1,0,0,0
60,14,0,1,0,0,0,1,1,0,0,0,0,0
60,18,0,1,0,0,0,1,1,0,0,0,1/4,1/4
60,29,0,1,0,-1,0,0,0,0,1,1/4,1/4,0
60,30,0,1,0,0,0,1,1,0,0,0,0,1/4
60,33,0,0,-1,0,1,0,1,0,0,0,1/4,0
61,14,0,1,0,0,0,1,1,0,0,0,0,0
61,19,1,0,0,0,1,0,0,0,1,0,0,0
61,29,0,0,-1,0,1,0,1,0,0,0,1/4,0
62,11,1,0,0,0,1,0,0,0,1,0,0,0
62,14,0,1,0,-1,0,1,0,0,1,0,0,0
62,19,1,0,0,0,1,0,0,0,1,0,0,1/4
62,26,0,0,1,1,0,0,0,1,0,0,1/4,1/4
62,31,0,1,0,-1,0,0,0,0,1,1/4,1/4,0
62,33,1,0,0,0,0,1,0,-1,0,0,0,0
63,11,1/2,0,1/2,1/2,0,-1/2,0,1,0,0,0,0
63,12,0,1,0,-1,0,0,0,0,1,0,0,0
63,15,1,0,0,0,1,0,0,0,1,0,0,0
63,20,1,0,0,0,1,0,0,0,1,0,0,0
63,36,1,0,0,0,1,0,0,0,1,0,0,0
63,38,0,1,0,0,0,1,1,0,0,0,0,1/4
63,40,0,0,-1,0,1,0,1,0,0,0,0,0
64,12,0,1,0,-1,0,0,0,0,1,0,0,0
64,14,-1/2,0,1,1/2,0,0,0,1,0,0,0,0
64,15,1,0,0,0,1,0,0,0,1,1/4,1/4,0
64,20,1,0,0,0,1,0,0,0,1,1/4,0,0
64,36,1,0,0,0,1,0,0,0,1,0,1/4,0
64,39,0,1,0,0,0,1,1,0,0,1/4,0,1/4
64,41,0,0,-1,0,1,0,1,0,0,0,0,0
65,10,1/2,0,1/2,1/2,0,-1/2,0,1,0,0,0,0
65,12,0,1,0,-1,0,0,0,0,1,0,0,0
65,21,1,0,0,0,1,0,0,0,1,0,0,0
65,35,1,0,0,0,1,0,0,0,1,0,0,0
65,38,0,0,-1,0,1,0,1,0,0,0,0,0
66,10,1/2,0,1/2,1/2,0,-1/2,0,1,0,0,0,0
66,15,0,1,0,-1,0,0,0,0,1,0,0,0
66,21,1,0,0,0,1,0,0,0,1,0,0,1/4
66,37,1,0,0,0,1,0,0,0,1,0,0,0
66,40,0,0,-1,0,1,0,1,0,0,0,0,1/4
67,12,0,1,0,-1,0,0,0,0,1,0,0,0
67,13,-1/2,0,1,1/2,0,0,0,1,0,0,0,0
67,21,1,0,0,0,1,0,0,0,1,1/4,0,0
67,35,1,0,0,0,1,0,0,0,1,0,1/4,0
67,39,0,0,-1,0,1,0,1,0,0,0,0,0
68,13,-1/2,0,1,1/2,0,0,0,1,0,1/4,1/4,0
68,15,0,1,0,-1,0,0,0,0,1,1/4,1/4,0
68,21,1,0,0,0,1,0,0,0,1,0,1/4,1/4
68,37,1,0,0,0,1,0,0,0,1,1/4,0,1/4
68,41,0,0,-1,0,1,0,1,0,0,0,1/4,1/4
69,12,0,1,0,-1,0,1/2,0,0,1/2,0,0,0
69,22,1,0,0,0,1,0,0,0,1,0,0,0
69,42,0,0,1,1,0,0,0,1,0,0,0,0
70,15,0,1,0,-1,0,1/2,0,0,1/2,0,0,0
70,22,1,0,0,0,1,0,0,0,1,1/8,1/8,1/8
70,43,0,0,1,1,0,0,0,1,0,0,3/8,3/8
71,12,0,1,0,-1,0,1,1,0,0,0,0,0
71,23,1,0,0,0,1,0,0,0,1,0,0,0
71,44,0,0,1,1,0,0,0,1,0,0,0,0
72,12,-1,0,0,-1,0,1,0,1,0,0,0,0
72,15,0,1,0,-1,0,0,-1,0,1,0,0,0
72,23,1,0,0,0,1,0,0,0,1,0,0,1/4
72,45,1,0,0,0,1,0,0,0,1,0,0,0
72,46,0,0,-1,0,1,0,1,0,0,0,0,1/4
73,15,0,1,0,-1,0,0,-1,0,1,0,0,0
73,24,1,0,0,0,1,0,0,0,1,0,0,0
73,45,0,0,1,1,0,0,0,1,0,0,0,1/4
74,12,0,1,0,-1,0,0,-1,0,1,0,0,0
74,15,-1,0,0,-1,0,1,0,1,0,0,0,0
74,24,1,0,0,0,1,0,0,0,1,0,0,1/4
74,44,1,0,0,0,1,0,0,0,1,0,1/4,0
74,46,0,0,1,1,0,0,0,1,0,0,0,0
75,3,0,0,1,1,0,0,0,1,0,0,0,0
76,4,0,0,1,1,0,0,0,1,0,0,0,0
77,3,0,0,1,1,0,0,0,1,0,0,0,0
78,4,0,0,1,1,0,0,0,1,0,0,0,0
79,5,-1,0,0,-1,0,1,0,1,0,0,0,0
80,5,-1,0,0,-1,0,1,0,1,0,0,0,0
81,3,0,0,1,1,0,0,0,1,0,0,0,0
82,5,-1,0,0,-1,0,1,0,1,0,0,0,0
83,10,0,0,1,1,0,0,0,1,0,0,0,0
83,75,1,0,0,0,1,0,0,0,1,0,0,0
83,81,1,0,0,0,1,0,0,0,1,0,0,0
84,10,0,0,1,1,0,0,0,1,0,0,0,0
84,77,1,0,0,0,1,0,0,0,1,0,0,0
84,81,1,0,0,0,1,0,0,0,1,0,0,1/4
85,13,1,0,-1,0,0,-1,0,1,0,0,1/2,0
85,75,1,0,0,0,1,0,0,0,1,1/4,1/4,0
85,81,1,0,0,0,1,0,0,0,1,1/4,3/4,0
86,13,1,0,-1,0,0,-1,0,1,0,0,0,0
86,77,1,0,0,0,1,0,0,0,1,3/4,1/4,0
86,81,1,0,0,0,1,0,0,0,1,1/4,1/4,1/4
87,12,-1,0,0,-1,0,1,0,1,0,0,0,0
87,79,1,0,0,0,1,0,0,0,1,0,0,0
87,82,1,0,0,0,1,0,0,0,1,0,0,0
88,15,-1,0,0,-1,0,1,0,1,0,0,0,0
88,80,1,0,0,0,1,0,0,0,1,1/2,1/4,0
88,82,1,0,0,0,1,0,0,0,1,0,1/4,5/8
89,16,1,0,0,0,1,0,0,0,1,0,0,0
89,21,1,1,0,-1,1,0,0,0,1,0,0,0
89,75,1,0,0,0,1,0,0,0,1,0,0,0
90,18,1,0,0,0,1,0,0,0,1,0,0,0
90,21,1,1,0,-1,1,0,0,0,1,0,0,0
90,75,1,0,0,0,1,0,0,0,1,0,1/2,0
91,17,1,0,0,0,1,0,0,0,1,0,0,1/4
91,20,1,1,0,-1,1,0,0,0,1,0,0,1/8
91,76,1,0,0,0,1,0,0,0,1,0,0,0
92,19,1,0,0,0,1,0,0,0,1,1/4,0,3/8
92,20,1,1,0,-1,1,0,0,0,1,0,0,1/4
92,76,1,0,0,0,1,0,0,0,1,0,1/2,0
93,16,1,0,0,0,1,0,0,0,1,0,0,0
93,21,1,1,0,-1,1,0,0,0,1,0,0,1/4
93,77,1,0,0,0,1,0,0,0,1,0,0,0
94,18,1,0,0,0,1,0,0,0,1,0,0,1/4
94,21,1,1,0,-1,1,0,0,0,1,0,0,0
94,77,1,0,0,0,1,0,0,0,1,0,1/2,0
95,17,1,0,0,0,1,0,0,0,1,0,0,1/4
95,20,1,1,0,-1,1,0,0,0,1,0,0,3/8
95,78,1,0,0,0,1,0,0,0,1,0,0,0
96,19,1,0,0,0,1,0,0,0,1,1/4,0,1/8
96,20,1,1,0,-1,1,0,0,0,1,0,0,1/4
96,78,1,0,0,0,1,0,0,0,1,0,1/2,0
97,22,1,1,0,-1,1,0,0,0,1,0,0,0
97,23,1,0,0,0,1,0,0,0,1,0,0,0
97,79,1,0,0,0,1,0,0,0,1,0,0,0
98,22,1,1,0,-1,1,0,0,0,1,0,0,0
98,24,1,0,0,0,1,0,0,0,1,0,1/4,3/8
98,80,1,0,0,0,1,0,0,0,1,0,0,0
99,25,1,0,0,0,1,0,0,0,1,0,0,0
99,35,1,1,0,-1,1,0,0,0,1,0,0,0
99,75,1,0,0,0,1,0,0,0,1,0,0,0
100,32,1,0,0,0,1,0,0,0,1,0,0,0
100,35,1,1,0,-1,1,0,0,0,1,0,1/2,0
100,75,1,0,0,0,1,0,0,0,1,0,0,0
101,27,1,0,0,0,1,0,0,0,1,0,0,0
101,35,1,1,0,-1,1,0,0,0,1,0,0,0
101,77,1,0,0,0,1,0,0,0,1,0,0,0
102,34,1,0,0,0,1,0,0,0,1,0,0,0
102,35,1,1,0,-1,1,0,0,0,1,0,0,0
102,77,1,0,0,0,1,0,0,0,1,0,1/2,0
103,27,1,0,0,0,1,0,0,0,1,0,0,0
103,37,1,1,0,-1,1,0,0,0,1,0,0,0
103,75,1,0,0,0,1,0,0,0,1,0,0,0
104,34,1,0,0,0,1,0,0,0,1,0,0,0
104,37,1,1,0,-1,1,0,0,0,1,0,1/2,0
104,75,1,0,0,0,1,0,0,0,1,0,0,0
105,25,1,0,0,0,1,0,0,0,1,0,0,0
105,37,1,1,0,-1,1,0,0,0,1,0,0,0
105,77,1,0,0,0,1,0,0,0,1,0,0,0
106,32,1,0,0,0,1,0,0,0,1,0,0,0
106,37,1,1,0,-1,1,0,0,0,1,0,1/2,0
106,77,1,0,0,0,1,0,0,0,1,0,0,0
107,42,1,1,0,-1,1,0,0,0,1,0,0,0
107,44,1,0,0,0,1,0,0,0,1,0,0,0
107,79,1,0,0,0,1,0,0,0,1,0,0,0
108,42,1,1,0,-1,1,0,0,0,1,0,1/2,0
108,45,1,0,0,0,1,0,0,0,1,0,0,0
108,79,1,0,0,0,1,0,0,0,1,0,0,0
109,43,1,1,0,-1,1,0,0,0,1,0,1/2,0
109,44,1,0,0,0,1,0,0,0,1,0,0,0
109,80,1,0,0,0,1,0,0,0,1,0,0,0
110,43,1,1,0,-1,1,0,0,0,1,0,0,0
110,45,1,0,0,0,1,0,0,0,1,0,0,0
110,80,1,0,0,0,1,0,0,0,1,0,0,0
111,16,1,0,0,0,1,0,0,0,1,0,0,0
111,35,1,1,0,-1,1,0,0,0,1,0,0,0
111,81,1,0,0,0,1,0,0,0,1,0,0,0
112,16,1,0,0,0,1,0,0,0,1,0,0,1/4
112,37,1,1,0,-1,1,0,0,0,1,0,0,0
112,81,1,0,0,0,1,0,0,0,1,0,0,0
113,18,1,0,0,0,1,0,0,0,1,0,0,0
113,35,1,1,0,-1,1,0,0,0,1,0,1/2,0
113,81,1,0,0,0,1,0,0,0,1,0,0,0
114,18,1,0,0,0,1,0,0,0,1,0,0,1/4
114,37,1,1,0,-1,1,0,0,0,1,0,1/2,0
114,81,1,0,0,0,1,0,0,0,1,0,0,0
115,21,1,1,0,-1,1,0,0,0,1,0,0,0
115,25,1,0,0,0,1,0,0,0,1,0,0,0
115,81,1,0,0,0,1,0,0,0,1,0,0,0
116,21,1,1,0,-1,1,0,0,0,1,0,0,1/4
116,27,1,0,0,0,1,0,0,0,1,0,0,0
116,81,1,0,0,0,1,0,0,0,1,0,0,0
117,21,1,1,0,-1,1,0,0,0,1,0,1/2,0
117,32,1,0,0,0,1,0,0,0,1,0,0,0
117,81,1,0,0,0,1,0,0,0,1,0,0,0
118,21,1,1,0,-1,1,0,0,0,1,0,1/2,1/4
118,34,1,0,0,0,1,0,0,0,1,0,0,0
118,81,1,0,0,0,1,0,0,0,1,0,0,0
119,22,1,1,0,-1,1,0,0,0,1,0,0,0
119,44,1,0,0,0,1,0,0,0,1,0,0,0
119,82,1,0,0,0,1,0,0,0,1,0,0,0
120,22,1,1,0,-1,1,0,0,0,1,0,0,1/4
120,45,1,0,0,0,1,0,0,0,1,0,0,0
120,82,1,0,0,0,1,0,0,0,1,0,0,0
121,23,1,0,0,0,1,0,0,0,1,0,0,0
121,42,1,1,0,-1,1,0,0,0,1,0,0,0
121,82,1,0,0,0,1,0,0,0,1,0,0,0
122,24,1,0,0,0,1,0,0,0,1,0,1/4,3/8
122,43,1,1,0,-1,1,0,0,0,1,0,1/2,0
122,82,1,0,0,0,1,0,0,0,1,0,0,0
123,47,1,0,0,0,1,0,0,0,1,0,0,0
123,65,1,1,0,-1,1,0,0,0,1,0,0,0
123,83,1,0,0,0,1,0,0,0,1,0,0,0
123,89,1,0,0,0,1,0,0,0,1,0,0,0
123,99,1,0,0,0,1,0,0,0,1,0,0,0
123,111,1,0,0,0,1,0,0,0,1,0,0,0
123,115,1,0,0,0,1,0,0,0,1,0,0,0
124,49,1,0,0,0,1,0,0,0,1,0,0,0
124,66,1,1,0,-1,1,0,0,0,1,0,0,0
124,83,1,0,0,0,1,0,0,0,1,0,0,0
124,89,1,0,0,0,1,0,0,0,1,0,0,1/4
124,103,1,0,0,0,1,0,0,0,1,0,0,0
124,112,1,0,0,0,1,0,0,0,1,0,0,0
124,116,1,0,0,0,1,0,0,0,1,0,0,0
125,50,1,0,0,0,1,0,0,0,1,0,0,0
125,67,1,1,0,-1,1,0,0,0,1,0,1/2,0
125,85,1,0,0,0,1,0,0,0,1,0,0,0
125,89,1,0,0,0,1,0,0,0,1,1/4,1/4,0
125,100,1,0,0,0,1,0,0,0,1,1/4,1/4,0
125,111,1,0,0,0,1,0,0,0,1,1/4,3/4,0
125,117,1,0,0,0,1,0,0,0,1,1/4,3/4,0
126,48,1,0,0,0,1,0,0,0,1,0,0,0
126,68,1,1,0,-1,1,0,0,0,1,0,0,0
126,85,1,0,0,0,1,0,0,0,1,0,0,0
126,89,1,0,0,0,1,0,0,0,1,1/4,1/4,1/4
126,104,1,0,0,0,1,0,0,0,1,1/4,1/4,0
126,112,1,0,0,0,1,0,0,0,1,1/4,3/4,0
126,118,1,0,0,0,1,0,0,0,1,1/4,3/4,0
127,55,1,0,0,0,1,0,0,0,1,0,0,0
127,65,1,1,0,-1,1,0,0,0,1,0,1/2,0
127,83,1,0,0,0,1,0,0,0,1,0,0,0
127,90,1,0,0,0,1,0,0,0,1,0,1/2,0
127,100,1,0,0,0,1,0,0,0,1,0,0,0
127,113,1,0,0,0,1,0,0,0,1,0,0,0
127,117,1,0,0,0,1,0,0,0,1,0,0,0
128,58,1,0,0,0,1,0,0,0,1,0,0,0
128,66,1,1,0,-1,1,0,0,0,1,0,1/2,0
128,83,1,0,0,0,1,0,0,0,1,0,0,0
128,90,1,0,0,0,1,0,0,0,1,0,1/2,1/4
128,104,1,0,0,0,1,0,0,0,1,0,0,0
128,114,1,0,0,0,1,0,0,0,1,0,0,0
128,118,1,0,0,0,1,0,0,0,1,0,0,0
129,59,1,0,0,0,1,0,0,0,1,0,0,0
129,67,1,1,0,-1,1,0,0,0,1,0,0,0
129,85,1,0,0,0,1,0,0,0,1,0,0,0
129,90,1,0,0,0,1,0,0,0,1,1/4,3/4,0
129,99,1,0,0,0,1,0,0,0,1,1/4,1/4,0
129,113,1,0,0,0,1,0,0,0,1,1/4,3/4,0
129,115,1,0,0,0,1,0,0,0,1,1/4,3/4,0
130,56,1,0,0,0,1,0,0,0,1,0,0,0
130,68,1,1,0,-1,1,0,0,0,1,0,1/2,0
130,85,1,0,0,0,1,0,0,0,1,0,0,0
130,90,1,0,0,0,1,0,0,0,1,1/4,3/4,1/4
130,103,1,0,0,0,1,0,0,0,1,1/4,1/4,0
130,114,1,0,0,0,1,0,0,0,1,1/4,3/4,0
130,116,1,0,0,0,1,0,0,0,1,1/4,3/4,0
131,47,1,0,0,0,1,0,0,0,1,0,0,0
131,66,1,1,0,-1,1,0,0,0,1,0,0,0
131,84,1,0,0,0,1,0,0,0,1,0,0,0
131,93,1,0,0,0,1,0,0,0,1,0,0,0
131,105,1,0,0,0,1,0,0,0,1,0,0,0
131,112,1,0,0,0,1,0,0,0,1,0,0,1/4
131,115,1,0,0,0,1,0,0,0,1,0,0,1/4
132,49,1,0,0,0,1,0,0,0,1,0,0,0
132,65,1,1,0,-1,1,0,0,0,1,0,0,0
132,84,1,0,0,0,1,0,0,0,1,0,0,0
132,93,1,0,0,0,1,0,0,0,1,0,0,1/4
132,101,1,0,0,0,1,0,0,0,1,0,0,0
132,111,1,0,0,0,1,0,0,0,1,0,0,1/4
132,116,1,0,0,0,1,0,0,0,1,0,0,1/4
133,50,1,0,0,0,1,0,0,0,1,0,0,0
133,68,1,1,0,-1,1,0,0,0,1,0,0,0
133,86,1,0,0,0,1,0,0,0,1,0,1/2,0
133,93,1,0,0,0,1,0,0,0,1,1/4,1/4,0
133,106,1,0,0,0,1,0,0,0,1,1/4,1/4,0
133,112,1,0,0,0,1,0,0,0,1,1/4,3/4,1/4
133,117,1,0,0,0,1,0,0,0,1,1/4,3/4,1/4
134,48,1,0,0,0,1,0,0,0,1,0,0,0
134,67,1,1,0,-1,1,0,0,0,1,0,1/2,0
134,86,1,0,0,0,1,0,0,0,1,0,1/2,0
134,93,1,0,0,0,1,0,0,0,1,1/4,1/4,1/4
134,102,1,0,0,0,1,0,0,0,1,1/4,3/4,0
134,111,1,0,0,0,1,0,0,0,1,1/4,3/4,1/4
134,118,1,0,0,0,1,0,0,0,1,1/4,3/4,1/4
135,55,1,0,0,0,1,0,0,0,1,0,0,0
135,66,1,1,0,-1,1,0,0,0,1,0,1/2,0
135,84,1,0,0,0,1,0,0,0,1,0,0,0
135,94,1,0,0,0,1,0,0,0,1,0,1/2,1/4
135,106,1,0,0,0,1,0,0,0,1,0,0,0
135,114,1,0,0,0,1,0,0,0,1,0,0,1/4
135,117,1,0,0,0,1,0,0,0,1,0,0,1/4
136,58,1,0,0,0,1,0,0,0,1,0,0,0
136,65,1,1,0,-1,1,0,0,0,1,0,0,0
136,84,1,0,0,0,1,0,0,0,1,0,1/2,0
136,94,1,0,0,0,1,0,0,0,1,0,0,0
136,102,1,0,0,0,1,0,0,0,1,0,0,0
136,113,1,0,0,0,1,0,0,0,1,0,1/2,1/4
136,118,1,0,0,0,1,0,0,0,1,0,1/2,1/4
137,59,1,0,0,0,1,0,0,0,1,0,0,0
137,68,1,1,0,-1,1,0,0,0,1,0,1/2,0
137,86,1,0,0,0,1,0,0,0,1,0,1/2,0
137,94,1,0,0,0,1,0,0,0,1,1/4,3/4,1/4
137,105,1,0,0,0,1,0,0,0,1,1/4,1/4,0
137,114,1,0,0,0,1,0,0,0,1,1/4,3/4,1/4
137,115,1,0,0,0,1,0,0,0,1,1/4,3/4,1/4
138,56,1,0,0,0,1,0,0,0,1,0,0,0
138,67,1,1,0,-1,1,0,0,0,1,0,0,0
138,86,1,0,0,0,1,0,0,0,1,0,1/2,0
138,94,1,0,0,0,1,0,0,0,1,1/4,3/4,0
138,101,1,0,0,0,1,0,0,0,1,1/4,1/4,0
138,113,1,0,0,0,1,0,0,0,1,1/4,3/4,1/4
138,116,1,0,0,0,1,0,0,0,1,1/4,3/4,1/4
139,69,1,1,0,-1,1,0,0,0,1,0,0,0
139,71,1,0,0,0,1,0,0,0,1,0,0,0
139,87,1,0,0,0,1,0,0,0,1,0,0,0
139,97,1,0,0,0,1,0,0,0,1,0,0,0
139,107,1,0,0,0,1,0,0,0,1,0,0,0
139,119,1,0,0,0,1,0,0,0,1,0,0,0
139,121,1,0,0,0,1,0,0,0,1,0,0,0
140,69,1,1,0,-1,1,0,0,0,1,0,1/2,0
140,72,1,0,0,0,1,0,0,0,1,0,0,0
140,87,1,0,0,0,1,0,0,0,1,0,0,0
140,97,1,0,0,0,1,0,0,0,1,0,0,1/4
140,108,1,0,0,0,1,0,0,0,1,0,0,0
140,120,1,0,0,0,1,0,0,0,1,0,0,0
140,121,1,0,0,0,1,0,0,0,1,0,1/2,1/4
141,70,1,1,0,-1,1,0,0,0,1,1/4,3/4,1/4
141,74,1,0,0,0,1,0,0,0,1,0,0,0
141,88,1,0,0,0,1,0,0,0,1,0,1/2,0
141,98,1,0,0,0,1,0,0,0,1,0,1/4,3/8
141,109,1,0,0,0,1,0,0,0,1,0,1/4,0
141,119,1,0,0,0,1,0,0,0,1,0,1/4,3/8
141,122,1,0,0,0,1,0,0,0,1,0,1/4,3/8
142,70,1,1,0,-1,1,0,0,0,1,1/4,1/4,1/4
142,73,1,0,0,0,1,0,0,0,1,0,0,0
142,88,1,0,0,0,1,0,0,0,1,0,1/2,0
142,98,1,0,0,0,1,0,0,0,1,0,1/4,1/8
142,110,1,0,0,0,1,0,0,0,1,0,1/4,0
142,120,1,0,0,0,1,0,0,0,1,0,1/4,3/8
142,122,1,0,0,0,1,0,0,0,1,0,3/4,1/8
143,1,1,0,0,0,1,0,0,0,1,0,0,0
144,1,1,0,0,0,1,0,0,0,1,0,0,0
145,1,1,0,0,0,1,0,0,0,1,0,0,0
146,1,1,0,-1/3,0,1,-2/3,0,0,1/3,0,0,0
147,2,1,0,0,0,1,0,0,0,1,0,0,0
147,143,1,0,0,0,1,0,0,0,1,0,0,0
148,2,1,0,-1/3,0,1,-2/3,0,0,1/3,0,0,0
148,146,1,0,0,0,1,0,0,0,1,0,0,0
149,5,-1,1,0,-1,-1,0,0,0,1,0,0,0
149,143,1,0,0,0,1,0,0,0,1,0,0,0
150,5,-1,-1,0,1,-1,0,0,0,1,0,0,0
150,143,1,0,0,0,1,0,0,0,1,0,0,0
151,5,0,-2,0,1,-1,0,0,0,1,0,0,0
151,144,1,0,0,0,1,0,0,0,1,0,0,0
152,5,-1,-1,0,1,-1,0,0,0,1,0,0,0
152,144,1,0,0,0,1,0,0,0,1,0,0,0
153,5,0,-2,0,1,-1,0,0,0,1,0,0,0
153,145,1,0,0,0,1,0,0,0,1,0,0,0
154,5,-1,-1,0,1,-1,0,0,0,1,0,0,0
154,145,1,0,0,0,1,0,0,0,1,0,0,0
155,5,-1/3,-1,0,1/3,-1,0,-2/3,0,1,0,0,0
155,146,1,0,0,0,1,0,0,0,1,0,0,0
156,8,-1,-1,0,1,-1,0,0,0,1,0,0,0
156,143,1,0,0,0,1,0,0,0,1,0,0,0
157,8,-1,1,0,-1,-1,0,0,0,1,0,0,0
157,143,1,0,0,0,1,0,0,0,1,0,0,0
158,9,-1,-1,0,1,-1,0,0,0,1,0,0,0
158,143,1,0,0,0,1,0,0,0,1,0,0,0
159,9,-1,1,0,-1,-1,0,0,0,1,0,0,0
159,143,1,0,0,0,1,0,0,0,1,0,0,0
160,8,-1/3,-1,0,1/3,-1,0,-2/3,0,1,0,0,0
160,146,1,0,0,0,1,0,0,0,1,0,0,0
161,9,-1/3,-1,0,1/3,-1,0,-2/3,0,1,0,0,0
161,146,1,0,0,0,1,0,0,0,1,0,0,0
162,12,-1,1,0,-1,-1,0,0,0,1,0,0,0
162,147,1,0,0,0,1,0,0,0,1,0,0,0
162,149,1,0,0,0,1,0,0,0,1,0,0,0
162,157,1,0,0,0,1,0,0,0,1,0,0,0
163,15,-1,1,0,-1,-1,0,0,0,1,0,0,0
163,147,1,0,0,0,1,0,0,0,1,0,0,0
163,149,1,0,0,0,1,0,0,0,1,0,0,1/4
163,159,1,0,0,0,1,0,0,0,1,0,0,0
164,12,-1,-1,0,1,-1,0,0,0,1,0,0,0
164,147,1,0,0,0,1,0,0,0,1,0,0,0
164,150,1,0,0,0,1,0,0,0,1,0,0,0
164,156,1,0,0,0,1,0,0,0,1,0,0,0
165,15,-1,-1,0,1,-1,0,0,0,1,0,0,0
165,147,1,0,0,0,1,0,0,0,1,0,0,0
165,150,1,0,0,0,1,0,0,0,1,0,0,1/4
165,158,1,0,0,0,1,0,0,0,1,0,0,0
166,12,-1/3,-1,0,1/3,-1,0,-2/3,0,1,0,0,0
166,148,1,0,0,0,1,0,0,0,1,0,0,0
166,155,1,0,0,0,1,0,0,0,1,0,0,0
166,160,1,0,0,0,1,0,0,0,1,0,0,0
167,15,-1/3,-1,0,1/3,-1,0,-2/3,0,1,0,0,0
167,148,1,0,0,0,1,0,0,0,1,0,0,0
167,155,1,0,0,0,1,0,0,0,1,0,0,1/4
167,161,1,0,0,0,1,0,0,0,1,0,0,0
168,3,0,0,1,1,0,0,0,1,0,0,0,0
168,143,1,0,0,0,1,0,0,0,1,0,0,0
169,4,0,0,1,1,0,0,0,1,0,0,0,0
169,144,1,0,0,0,1,0,0,0,1,0,0,0
170,4,0,0,1,1,0,0,0,1,0,0,0,0
170,145,1,0,0,0,1,0,0,0,1,0,0,0
171,3,0,0,1,1,0,0,0,1,0,0,0,0
171,145,1,0,0,0,1,0,0,0,1,0,0,0
172,3,0,0,1,1,0,0,0,1,0,0,0,0
172,144,1,0,0,0,1,0,0,0,1,0,0,0
173,4,0,0,1,1,0,0,0,1,0,0,0,0
173,143,1,0,0,0,1,0,0,0,1,0,0,0
174,6,0,0,1,1,0,0,0,1,0,0,0,0
174,143,1,0,0,0,1,0,0,0,1,0,0,0
175,10,0,0,1,1,0,0,0,1,0,0,0,0
175,147,1,0,0,0,1,0,0,0,1,0,0,0
175,168,1,0,0,0,1,0,0,0,1,0,0,0
175,174,1,0,0,0,1,0,0,0,1,0,0,0
176,11,0,0,1,1,0,0,0,1,0,0,0,0
176,147,1,0,0,0,1,0,0,0,1,0,0,0
176,173,1,0,0,0,1,0,0,0,1,0,0,0
176,174,1,0,0,0,1,0,0,0,1,0,0,1/4
177,21,1,1,0,-1,1,0,0,0,1,0,0,0
177,149,1,0,0,0,1,0,0,0,1,0,0,0
177,150,1,0,0,0,1,0,0,0,1,0,0,0
177,168,1,0,0,0,1,0,0,0,1,0,0,0
178,20,-1,-1,0,1,-1,0,0,0,1,0,0,5/12
178,151,1,0,0,0,1,0,0,0,1,0,0,1/12
178,152,1,0,0,0,1,0,0,0,1,0,0,1/6
178,169,1,0,0,0,1,0,0,0,1,0,0,0
179,20,-1,-1,0,1,-1,0,0,0,1,0,0,1/12
179,153,1,0,0,0,1,0,0,0,1,0,0,5/12
179,154,1,0,0,0,1,0,0,0,1,0,0,1/3
179,170,1,0,0,0,1,0,0,0,1,0,0,0
180,21,-1,-1,0,1,-1,0,0,0,1,0,0,1/3
180,153,1,0,0,0,1,0,0,0,1,0,0,1/6
180,154,1,0,0,0,1,0,0,0,1,0,0,1/3
180,171,1,0,0,0,1,0,0,0,1,0,0,0
181,21,-1,-1,0,1,-1,0,0,0,1,0,0,2/3
181,151,1,0,0,0,1,0,0,0,1,0,0,1/3
181,152,1,0,0,0,1,0,0,0,1,0,0,1/6
181,172,1,0,0,0,1,0,0,0,1,0,0,0
182,20,-1,-1,0,1,-1,0,0,0,1,0,0,1/4
182,149,1,0,0,0,1,0,0,0,1,0,0,1/4
182,150,1,0,0,0,1,0,0,0,1,0,0,0
182,173,1,0,0,0,1,0,0,0,1,0,0,0
183,35,-1,-1,0,1,-1,0,0,0,1,0,0,0
183,156,1,0,0,0,1,0,0,0,1,0,0,0
183,157,1,0,0,0,1,0,0,0,1,0,0,0
183,168,1,0,0,0,1,0,0,0,1,0,0,0
184,37,-1,-1,0,1,-1,0,0,0,1,0,0,0
184,158,1,0,0,0,1,0,0,0,1,0,0,0
184,159,1,0,0,0,1,0,0,0,1,0,0,0
184,168,1,0,0,0,1,0,0,0,1,0,0,0
185,36,-1,-1,0,1,-1,0,0,0,1,0,0,0
185,157,1,0,0,0,1,0,0,0,1,0,0,0
185,158,1,0,0,0,1,0,0,0,1,0,0,0
185,173,1,0,0,0,1,0,0,0,1,0,0,0
186,36,-1,1,0,-1,-1,0,0,0,1,0,0,0
186,156,1,0,0,0,1,0,0,0,1,0,0,0
186,159,1,0,0,0,1,0,0,0,1,0,0,0
186,173,1,0,0,0,1,0,0,0,1,0,0,0
187,38,0,-1,1,0,-1,-1,1,0,0,0,0,0
187,149,1,0,0,0,1,0,0,0,1,0,0,0
187,156,1,0,0,0,1,0,0,0,1,0,0,0
187,174,1,0,0,0,1,0,0,0,1,0,0,0
188,40,0,-1,1,0,-1,-1,1,0,0,0,0,0
188,149,1,0,0,0,1,0,0,0,1,0,0,0
188,158,1,0,0,0,1,0,0,0,1,0,0,0
188,174,1,0,0,0,1,0,0,0,1,0,0,1/4
189,38,0,-1,-1,0,1,-1,1,0,0,0,0,0
189,150,1,0,0,0,1,0,0,0,1,0,0,0
189,157,1,0,0,0,1,0,0,0,1,0,0,0
189,174,1,0,0,0,1,0,0,0,1,0,0,0
190,40,0,-1,-1,0,1,-1,1,0,0,0,0,0
190,150,1,0,0,0,1,0,0,0,1,0,0,0
190,159,1,0,0,0,1,0,0,0,1,0,0,0
190,174,1,0,0,0,1,0,0,0,1,0,0,1/4
191,65,-1,-1,0,1,-1,0,0,0,1,0,0,0
191,162,1,0,0,0,1,0,0,0,1,0,0,0
191,164,1,0,0,0,1,0,0,0,1,0,0,0
191,175,1,0,0,0,1,0,0,0,1,0,0,0
191,177,1,0,0,0,1,0,0,0,1,0,0,0
191,183,1,0,0,0,1,0,0,0,1,0,0,0
191,187,1,0,0,0,1,0,0,0,1,0,0,0
191,189,1,0,0,0,1,0,0,0,1,0,0,0
192,66,-1,-1,0,1,-1,0,0,0,1,0,0,0
192,163,1,0,0,0,1,0,0,0,1,0,0,0
192,165,1,0,0,0,1,0,0,0,1,0,0,0
192,175,1,0,0,0,1,0,0,0,1,0,0,0
192,177,1,0,0,0,1,0,0,0,1,0,0,1/4
192,184,1,0,0,0,1,0,0,0,1,0,0,0
192,188,1,0,0,0,1,0,0,0,1,0,0,1/4
192,190,1,0,0,0,1,0,0,0,1,0,0,1/4
193,63,-1,-1,0,1,-1,0,0,0,1,0,0,0
193,162,1,0,0,0,1,0,0,0,1,0,0,0
193,165,1,0,0,0,1,0,0,0,1,0,0,0
193,176,1,0,0,0,1,0,0,0,1,0,0,0
193,182,1,0,0,0,1,0,0,0,1,0,0,1/4
193,185,1,0,0,0,1,0,0,0,1,0,0,0
193,188,1,0,0,0,1,0,0,0,1,0,0,0
193,189,1,0,0,0,1,0,0,0,1,0,0,1/4
194,63,-1,1,0,-1,-1,0,0,0,1,0,0,0
194,163,1,0,0,0,1,0,0,0,1,0,0,0
194,164,1,0,0,0,1,0,0,0,1,0,0,0
194,176,1,0,0,0,1,0,0,0,1,0,0,0
194,182,1,0,0,0,1,0,0,0,1,0,0,0
194,186,1,0,0,0,1,0,0,0,1,0,0,0
194,187,1,0,0,0,1,0,0,0,1,0,0,1/4
194,190,1,0,0,0,1,0,0,0,1,0,0,0
195,16,1,0,0,0,1,0,0,0,1,0,0,0
195,146,1,0,1,-1,1,1,0,-1,1,0,0,0
196,22,1,0,0,0,1,0,0,0,1,0,0,0
196,146,-1/2,0,1,1/2,-1/2,1,0,1/2,1,0,0,0
197,23,1,0,0,0,1,0,0,0,1,0,0,0
197,146,-1,0,1/2,1,-1,1/2,0,1,1/2,0,0,0
198,19,1,0,0,0,1,0,0,0,1,0,0,0
198,146,1,0,1,-1,1,1,0,-1,1,0,0,0
199,24,1,0,0,0,1,0,0,0,1,0,0,0
199,146,-1,0,1/2,1,-1,1/2,0,1,1/2,0,0,0
200,47,1,0,0,0,1,0,0,0,1,0,0,0
200,148,1,0,1,-1,1,1,0,-1,1,0,0,0
200,195,1,0,0,0,1,0,0,0,1,0,0,0
201,48,1,0,0,0,1,0,0,0,1,0,0,0
201,148,1,0,1,-1,1,1,0,-1,1,0,0,0
201,195,1,0,0,0,1,0,0,0,1,1/4,1/4,1/4
202,69,1,0,0,0,1,0,0,0,1,0,0,0
202,148,-1/2,0,1,1/2,-1/2,1,0,1/2,1,0,0,0
202,196,1,0,0,0,1,0,0,0,1,0,0,0
203,70,1,0,0,0,1,0,0,0,1,0,0,0
203,148,-1/2,0,1,1/2,-1/2,1,0,1/2,1,0,0,0
203,196,1,0,0,0,1,0,0,0,1,1/8,1/8,1/8
204,71,1,0,0,0,1,0,0,0,1,0,0,0
204,148,-1,0,1/2,1,-1,1/2,0,1,1/2,0,0,0
204,197,1,0,0,0,1,0,0,0,1,0,0,0
205,61,1,0,0,0,1,0,0,0,1,0,0,0
205,148,1,0,1,-1,1,1,0,-1,1,0,0,0
205,198,1,0,0,0,1,0,0,0,1,0,0,0
206,73,1,0,0,0,1,0,0,0,1,0,0,0
206,148,-1,0,1/2,1,-1,1/2,0,1,1/2,0,0,0
206,199,1,0,0,0,1,0,0,0,1,0,0,0
207,89,1,0,0,0,1,0,0,0,1,0,0,0
207,155,1,0,1,-1,1,1,0,-1,1,0,0,0
207,195,1,0,0,0,1,0,0,0,1,0,0,0
208,93,1,0,0,0,1,0,0,0,1,0,1/2,0
208,155,1,0,1,-1,1,1,0,-1,1,1/4,1/4,1/4
208,195,1,0,0,0,1,0,0,0,1,0,0,0
209,97,1/2,1/2,0,-1/2,1/2,0,0,0,1,0,0,0
209,155,-1/2,0,1,1/2,-1/2,1,0,1/2,1,0,0,0
209,196,1,0,0,0,1,0,0,0,1,0,0,0
210,98,1/2,1/2,0,-1/2,1/2,0,0,0,1,0,0,0
210,155,-1/2,0,1,1/2,-1/2,1,0,1/2,1,1/8,1/8,1/8
210,196,1,0,0,0,1,0,0,0,1,0,0,0
211,97,1,0,0,0,1,0,0,0,1,0,0,0
211,155,-1,0,1/2,1,-1,1/2,0,1,1/2,0,0,0
211,197,1,0,0,0,1,0,0,0,1,0,0,0
212,96,1,0,0,0,1,0,0,0,1,1/4,0,3/8
212,155,1,0,1,-1,1,1,0,-1,1,1/8,1/8,1/8
212,198,1,0,0,0,1,0,0,0,1,0,0,0
213,92,1,0,0,0,1,0,0,0,1,1/4,1/2,1/8
213,155,1,0,1,-1,1,1,0,-1,1,3/8,3/8,3/8
213,198,1,0,0,0,1,0,0,0,1,0,0,0
214,98,1,0,0,0,1,0,0,0,1,0,1/4,1/8
214,155,-1,0,1/2,1,-1,1/2,0,1,1/2,1/8,1/8,1/8
214,199,1,0,0,0,1,0,0,0,1,0,0,0
215,111,1,0,0,0,1,0,0,0,1,0,0,0
215,160,1,0,1,-1,1,1,0,-1,1,0,0,0
215,195,1,0,0,0,1,0,0,0,1,0,0,0
216,119,1/2,1/2,0,-1/2,1/2,0,0,0,1,0,0,0
216,160,-1/2,0,1,1/2,-1/2,1,0,1/2,1,0,0,0
216,196,1,0,0,0,1,0,0,0,1,0,0,0
217,121,1,0,0,0,1,0,0,0,1,0,0,0
217,160,-1,0,1/2,1,-1,1/2,0,1,1/2,0,0,0
217,197,1,0,0,0,1,0,0,0,1,0,0,0
218,112,1,0,0,0,1,0,0,0,1,0,1/2,1/4
218,161,1,0,1,-1,1,1,0,-1,1,0,0,0
218,195,1,0,0,0,1,0,0,0,1,0,0,0
219,120,1/2,1/2,0,-1/2,1/2,0,0,0,1,0,0,1/4
219,161,-1/2,0,1,1/2,-1/2,1,0,1/2,1,0,0,0
219,196,1,0,0,0,1,0,0,0,1,0,0,0
220,122,1,0,0,0,1,0,0,0,1,1/2,1/4,1/8
220,161,-1,0,1/2,1,-1,1/2,0,1,1/2,0,0,0
220,199,1,0,0,0,1,0,0,0,1,0,0,0
221,123,1,0,0,0,1,0,0,0,1,0,0,0
221,166,1,0,1,-1,1,1,0,-1,1,0,0,0
221,200,1,0,0,0,1,0,0,0,1,0,0,0
221,207,1,0,0,0,1,0,0,0,1,0,0,0
221,215,1,0,0,0,1,0,0,0,1,0,0,0
222,126,1,0,0,0,1,0,0,0,1,0,0,0
222,167,1,0,1,-1,1,1,0,-1,1,0,0,0
222,201,1,0,0,0,1,0,0,0,1,0,0,0
222,207,1,0,0,0,1,0,0,0,1,1/4,1/4,1/4
222,218,1,0,0,0,1,0,0,0,1,1/4,1/4,1/4
223,131,1,0,0,0,1,0,0,0,1,0,1/2,0
223,167,1,0,1,-1,1,1,0,-1,1,0,0,0
223,200,1,0,0,0,1,0,0,0,1,0,0,0
223,208,1,0,0,0,1,0,0,0,1,0,0,0
223,218,1,0,0,0,1,0,0,0,1,0,0,0
224,134,1,0,0,0,1,0,0,0,1,0,1/2,0
224,166,1,0,1,-1,1,1,0,-1,1,0,0,0
224,201,1,0,0,0,1,0,0,0,1,0,0,0
224,208,1,0,0,0,1,0,0,0,1,1/4,1/4,1/4
224,215,1,0,0,0,1,0,0,0,1,1/4,1/4,1/4
225,139,1/2,1/2,0,-1/2,1/2,0,0,0,1,0,0,0
225,166,-1/2,0,1,1/2,-1/2,1,0,1/2,1,0,0,0
225,202,1,0,0,0,1,0,0,0,1,0,0,0
225,209,1,0,0,0,1,0,0,0,1,0,0,0
225,216,1,0,0,0,1,0,0,0,1,0,0,0
226,140,1/2,1/2,0,-1/2,1/2,0,0,0,1,1/4,1/4,0
226,167,-1/2,0,1,1/2,-1/2,1,0,1/2,1,0,0,0
226,202,1,0,0,0,1,0,0,0,1,0,0,0
226,209,1,0,0,0,1,0,0,0,1,1/4,1/4,1/4
226,219,1,0,0,0,1,0,0,0,1,0,0,0
227,141,1/2,1/2,0,-1/2,1/2,0,0,0,1,1/4,1/4,0
227,166,-1/2,0,1,1/2,-1/2,1,0,1/2,1,0,0,0
227,203,1,0,0,0,1,0,0,0,1,0,0,0
227,210,1,0,0,0,1,0,0,0,1,3/8,3/8,3/8
227,216,1,0,0,0,1,0,0,0,1,1/8,1/8,1/8
228,142,1/2,1/2,0,-1/2,1/2,0,0,0,1,0,0,0
228,167,-1/2,0,1,1/2,-1/2,1,0,1/2,1,0,0,0
228,203,1,0,0,0,1,0,0,0,1,0,0,0
228,210,1,0,0,0,1,0,0,0,1,1/8,1/8,1/8
228,219,1,0,0,0,1,0,0,0,1,1/8,1/8,1/8
229,139,1,0,0,0,1,0,0,0,1,0,0,0
229,166,-1,0,1/2,1,-1,1/2,0,1,1/2,0,0,0
229,204,1,0,0,0,1,0,0,0,1,0,0,0
229,211,1,0,0,0,1,0,0,0,1,0,0,0
229,217,1,0,0,0,1,0,0,0,1,0,0,0
230,142,1,0,0,0,1,0,0,0,1,0,0,0
230,167,-1,0,1/2,1,-1,1/2,0,1,1/2,0,0,0
230,206,1,0,0,0,1,0,0,0,1,0,0,0
230,214,1,0,0,0,1,0,0,0,1,0,0,0
230,220,1,0,0,0,1,0,0,0,1,0,0,0
